Concept,Accuracy,Num Interventions,Avg Prob Change,Std Prob Change,Fixes Diagnosis,Fix Rate,Max Positive Change,Max Negative Change
Dots & Globules,0.33164556962025316,264,0.058011067071647354,0.09582691831264133,7,0.026515151515151516,0.1635740101337433,-0.1258763074874878
Pigment Network,0.4531645569620253,216,0.04839771130570659,0.06858211781239382,16,0.07407407407407407,0.1441260278224945,-0.12981528043746948
Blue-Whitish Veil,0.8354430379746836,65,0.04410246243843666,0.07147769605223732,6,0.09230769230769231,0.0971982479095459,-0.0753931999206543
Regression,0.7493670886075949,99,-0.030943899744688863,0.0052252381763626355,4,0.04040404040404041,-0.02012026309967041,-0.0396706759929657
Streaks,0.6126582278481013,153,0.027252985566270118,0.0718916320165447,10,0.06535947712418301,0.10248821973800659,-0.11583054065704346
Pigmentation,0.6886075949367089,123,-0.003194782549772805,0.022842145607594996,1,0.008130081300813009,0.034254372119903564,-0.03548857569694519
Vascular Structures,0.8025316455696202,78,-7.684758076300987e-05,0.0018938310470162298,0,0.0,0.002731144428253174,-0.0022183656692504883
